"";"Anno.di.imposta";"Codice.Istat";"Regione";"Sigla.Provincia";"Denominazione.Comune";"Contribuenti";"Imponibile";"Perc_ricchi";"Imponibile pro capite";"Reddito_complessivo_ricchi";"Reddito.complessivo.oltre.120000.euro...Frequenza";"Perc_reddito_scaglione_max";"scaglione_redditi_bassi";"Perc_redditi_bassi";"contribuenti.bassi";"Perc_contr_bassi"
"1";2020;8001;"Liguria";"IM";"AIROLE";206;3237200;0;15714,56;0;0;0;711656;21,98;97;47,09
"2";2020;9001;"Liguria";"SV";"ALASSIO";8019;159439435;1,33;19882,71;28095644;107;17,62;28381038;17,8;3864;48,19
"3";2020;9002;"Liguria";"SV";"ALBENGA";17595;294639494;0,51;16745,64;16560118;90;5,62;64660966;21,95;8450;48,03
"4";2020;9003;"Liguria";"SV";"ALBISSOLA MARINA";4171;102053256;1,61;24467,34;12463648;67;12,21;10019699;9,82;1394;33,42
"5";2020;9004;"Liguria";"SV";"ALBISOLA SUPERIORE";7594;158245309;0,71;20838,2;9652526;54;6,1;19985850;12,63;2730;35,95
"6";2020;9005;"Liguria";"SV";"ALTARE";1494;27923233;NA;18690,25;NA;NA;NA;3948424;14,14;544;36,41
"7";2020;11001;"Liguria";"SP";"AMEGLIA";3303;65268582;0,67;19760,39;4259915;22;6,53;9736862;14,92;1360;41,17
"8";2020;9006;"Liguria";"SV";"ANDORA";5593;89801115;0,36;16055,98;3213628;20;3,58;19974203;22,24;2746;49,1
"9";2020;8002;"Liguria";"IM";"APRICALE";372;4533406;0;12186,58;0;0;0;1563011;34,48;236;63,44
"10";2020;8003;"Liguria";"IM";"AQUILA D'ARROSCIA";126;1858280;0;14748,25;0;0;0;439270;23,64;61;48,41
"11";2020;11002;"Liguria";"SP";"ARCOLA";7455;140772818;0,28;18883,01;3529464;21;2,51;21348202;15,17;2896;38,85
"12";2020;10001;"Liguria";"GE";"ARENZANO";8688;222898865;1,47;25655,95;29883571;128;13,41;18596076;8,34;2710;31,19
"13";2020;8004;"Liguria";"IM";"ARMO";77;1100078;0;14286,73;0;0;0;233746;21,25;38;49,35
"14";2020;9007;"Liguria";"SV";"ARNASCO";429;6945044;1,17;16188,91;864245;5;12,44;1483789;21,36;204;47,55
"15";2020;8005;"Liguria";"IM";"AURIGO";245;3735775;0;15248,06;0;0;0;654001;17,51;97;39,59
"16";2020;10002;"Liguria";"GE";"AVEGNO";1834;35293726;0,27;19244,13;802496;5;2,27;5007262;14,19;719;39,2
"17";2020;8006;"Liguria";"IM";"BADALUCCO";765;12149089;NA;15881,16;NA;NA;NA;2905185;23,91;390;50,98
"18";2020;8007;"Liguria";"IM";"BAIARDO";233;2729687;0;11715,39;0;0;0;1054124;38,62;153;65,67
"19";2020;9008;"Liguria";"SV";"BALESTRINO";412;7080428;NA;17185,5;NA;NA;NA;1440072;20,34;185;44,9
"20";2020;9009;"Liguria";"SV";"BARDINETO";581;8561320;0;14735,49;0;0;0;2110445;24,65;293;50,43
"21";2020;10003;"Liguria";"GE";"BARGAGLI";1850;33744222;NA;18240,12;NA;NA;NA;4894092;14,5;685;37,03
"22";2020;9010;"Liguria";"SV";"BERGEGGI";874;24581348;3,55;28125,11;5948209;31;24,2;2221950;9,04;300;34,32
"23";2020;11003;"Liguria";"SP";"BEVERINO";1736;34202976;0,4;19702,18;2159645;7;6,31;4676637;13,67;637;36,69
"24";2020;10004;"Liguria";"GE";"BOGLIASCO";3423;89810636;2,13;26237,4;14047082;73;15,64;7874072;8,77;1142;33,36
"25";2020;9011;"Liguria";"SV";"BOISSANO";1861;34005484;0,54;18272,69;2023608;10;5,95;5568327;16,37;787;42,29
"26";2020;11004;"Liguria";"SP";"BOLANO";5325;108373260;0,34;20351,79;2993889;18;2,76;14161272;13,07;1902;35,72
"27";2020;11005;"Liguria";"SP";"BONASSOLA";672;11472698;1,04;17072,47;1130471;7;9,85;2254786;19,65;322;47,92
"28";2020;8008;"Liguria";"IM";"BORDIGHERA";7528;136150744;1,13;18085,91;15378017;85;11,29;25815366;18,96;3548;47,13
"29";2020;11006;"Liguria";"SP";"BORGHETTO DI VARA";699;13266982;0,86;18979,95;1495951;6;11,28;2155564;16,25;289;41,34
"30";2020;8009;"Liguria";"IM";"BORGHETTO D'ARROSCIA";329;4339814;0;13190,92;0;0;0;1269893;29,26;182;55,32
"31";2020;9012;"Liguria";"SV";"BORGHETTO SANTO SPIRITO";3479;55195539;0,37;15865,35;2629633;13;4,76;12768387;23,13;1694;48,69
"32";2020;9013;"Liguria";"SV";"BORGIO VEREZZI";1691;35625302;1,3;21067,59;4182591;22;11,74;5136120;14,42;696;41,16
"33";2020;8010;"Liguria";"IM";"BORGOMARO";601;10024869;0,83;16680,31;732329;5;7,31;2044052;20,39;272;45,26
"34";2020;9014;"Liguria";"SV";"BORMIDA";279;4837648;0;17339,24;0;0;0;709782;14,67;100;35,84
"35";2020;10005;"Liguria";"GE";"BORZONASCA";1412;23015404;0,42;16299,86;951057;6;4,13;5150430;22,38;691;48,94
"36";2020;11007;"Liguria";"SP";"BRUGNATO";1047;18688059;NA;17849,15;NA;NA;NA;3552389;19,01;447;42,69
"37";2020;10006;"Liguria";"GE";"BUSALLA";3905;81408427;0,51;20847,23;4490538;20;5,52;9609330;11,8;1346;34,47
"38";2020;9015;"Liguria";"SV";"CAIRO MONTENOTTE";9356;181210561;0,36;19368,38;5791704;34;3,2;24018790;13,25;3315;35,43
"39";2020;9016;"Liguria";"SV";"CALICE LIGURE";1316;24547968;0,68;18653,47;2153546;9;8,77;4188941;17,06;576;43,77
"40";2020;11008;"Liguria";"SP";"CALICE AL CORNOVIGLIO";784;13037142;NA;16629,01;NA;NA;NA;2664513;20,44;347;44,26
"41";2020;9017;"Liguria";"SV";"CALIZZANO";1136;18426387;0,35;16220,41;615784;4;3,34;3899275;21,16;528;46,48
"42";2020;10007;"Liguria";"GE";"CAMOGLI";3996;100763193;2,13;25216,01;16381845;85;16,26;9921897;9,85;1414;35,39
"43";2020;10008;"Liguria";"GE";"CAMPO LIGURE";2155;42307951;0,32;19632,46;1021264;7;2,41;5212322;12,32;722;33,5
"44";2020;10009;"Liguria";"GE";"CAMPOMORONE";5023;100440584;0,22;19996,13;1557491;11;1,55;13043192;12,99;1736;34,56
"45";2020;8011;"Liguria";"IM";"CAMPOROSSO";3699;53389953;0,14;14433,62;930139;5;1,74;14308876;26,8;1940;52,45
"46";2020;10010;"Liguria";"GE";"CARASCO";2676;46663122;0,34;17437,64;1767610;9;3,79;8104534;17,37;1132;42,3
"47";2020;8012;"Liguria";"IM";"CARAVONICA";197;3297217;NA;16737,14;NA;NA;NA;705912;21,41;89;45,18
"48";2020;9018;"Liguria";"SV";"CARCARE";4061;85914648;0,47;21156,03;4291258;19;4,99;9563067;11,13;1285;31,64
"49";2020;11009;"Liguria";"SP";"CARRO";415;6604198;NA;15913,73;NA;NA;NA;1546643;23,42;204;49,16
"50";2020;11010;"Liguria";"SP";"CARRODANO";399;6443983;0;16150,33;0;0;0;1383917;21,48;187;46,87
"51";2020;9019;"Liguria";"SV";"CASANOVA LERRONE";529;7581865;NA;14332,45;NA;NA;NA;1924663;25,39;282;53,31
"52";2020;10011;"Liguria";"GE";"CASARZA LIGURE";4982;91576086;0,34;18381,39;2819252;17;3,08;14457835;15,79;1913;38,4
"53";2020;10012;"Liguria";"GE";"CASELLA";2376;50148006;0,38;21106,06;1550440;9;3,09;5612560;11,19;794;33,42
"54";2020;9020;"Liguria";"SV";"CASTELBIANCO";202;3139661;NA;15542,88;NA;NA;NA;754726;24,04;101;50
"55";2020;8015;"Liguria";"IM";"CASTEL VITTORIO";216;2394183;0;11084,18;0;0;0;1049205;43,82;152;70,37
"56";2020;8014;"Liguria";"IM";"CASTELLARO";936;14418724;NA;15404,62;NA;NA;NA;3267027;22,66;461;49,25
"57";2020;11011;"Liguria";"SP";"CASTELNUOVO MAGRA";6044;110331796;0,36;18254,76;3766226;22;3,41;17961667;16,28;2496;41,3
"58";2020;9021;"Liguria";"SV";"CASTELVECCHIO DI ROCCA BARBENA";108;1583522;0;14662,24;0;0;0;426058;26,91;59;54,63
"59";2020;10013;"Liguria";"GE";"CASTIGLIONE CHIAVARESE";1182;21036011;NA;17796,96;NA;NA;NA;3567802;16,96;492;41,62
"60";2020;9022;"Liguria";"SV";"CELLE LIGURE";3899;95909775;1;24598,56;18920489;39;19,73;10384097;10,83;1447;37,11
"61";2020;9023;"Liguria";"SV";"CENGIO";2422;45595324;0,21;18825,48;1016113;5;2,23;6192273;13,58;860;35,51
"62";2020;10014;"Liguria";"GE";"CERANESI";2770;57655824;0,18;20814,38;1171652;5;2,03;6175178;10,71;864;31,19
"63";2020;9024;"Liguria";"SV";"CERIALE";4037;65486051;0,4;16221,46;2678141;16;4,09;14680507;22,42;1915;47,44
"64";2020;8016;"Liguria";"IM";"CERIANA";735;9375119;0;12755,26;0;0;0;2770252;29,55;419;57,01
"65";2020;8017;"Liguria";"IM";"CERVO";872;15476928;0,92;17748,77;1608948;8;10,4;2982882;19,27;432;49,54
"66";2020;8018;"Liguria";"IM";"CESIO";198;2749692;0;13887,33;0;0;0;554568;20,17;95;47,98
"67";2020;10015;"Liguria";"GE";"CHIAVARI";20728;457867764;1,31;22089,34;53550385;271;11,7;54309948;11,86;7638;36,85
"68";2020;8019;"Liguria";"IM";"CHIUSANICO";407;6864521;NA;16866,14;NA;NA;NA;1343696;19,57;185;45,45
"69";2020;8020;"Liguria";"IM";"CHIUSAVECCHIA";350;6177841;NA;17650,97;NA;NA;NA;1152143;18,65;162;46,29
"70";2020;10016;"Liguria";"GE";"CICAGNA";1600;25660835;0,25;16038,02;714235;4;2,78;5061376;19,72;716;44,75
"71";2020;8021;"Liguria";"IM";"CIPRESSA";896;15284374;0,56;17058,45;1087538;5;7,12;3062087;20,03;429;47,88
"72";2020;9025;"Liguria";"SV";"CISANO SUL NEVA";1553;28455267;0,58;18322,77;1917690;9;6,74;5338626;18,76;726;46,75
"73";2020;8022;"Liguria";"IM";"CIVEZZA";420;7694908;NA;18321,21;NA;NA;NA;1335071;17,35;190;45,24
"74";2020;10017;"Liguria";"GE";"COGOLETO";6787;142652040;0,53;21018,42;5997483;36;4,2;16639293;11,66;2315;34,11
"75";2020;10018;"Liguria";"GE";"COGORNO";4233;82520200;0,64;19494,5;4314338;27;5,23;11684805;14,16;1614;38,13
"76";2020;10019;"Liguria";"GE";"COREGLIA LIGURE";190;3082812;0;16225,33;0;0;0;632797;20,53;89;46,84
"77";2020;8023;"Liguria";"IM";"COSIO D'ARROSCIA";149;2580990;NA;17322,08;NA;NA;NA;657190;25,46;83;55,7
"78";2020;9026;"Liguria";"SV";"COSSERIA";794;15855764;0,63;19969,48;908656;5;5,73;1705131;10,75;249;31,36
"79";2020;8024;"Liguria";"IM";"COSTARAINERA";547;10079554;0,91;18426,97;635000;5;6,3;1747843;17,34;250;45,7
"80";2020;10020;"Liguria";"GE";"CROCEFIESCHI";426;8544911;NA;20058,48;NA;NA;NA;1204800;14,1;165;38,73
"81";2020;10021;"Liguria";"GE";"DAVAGNA";1401;26323211;0;18788,87;0;0;0;3439135;13,07;501;35,76
"82";2020;9027;"Liguria";"SV";"DEGO";1406;25715636;NA;18289,93;NA;NA;NA;3428533;13,33;504;35,85
"83";2020;11012;"Liguria";"SP";"DEIVA MARINA";1071;18835529;0,56;17586,86;1169288;6;6,21;3592808;19,07;507;47,34
"84";2020;8025;"Liguria";"IM";"DIANO ARENTINO";484;8192595;NA;16926,85;NA;NA;NA;1597861;19,5;229;47,31
"85";2020;8026;"Liguria";"IM";"DIANO CASTELLO";1659;27602641;0,6;16638,12;2234175;10;8,09;5638737;20,43;799;48,16
"86";2020;8027;"Liguria";"IM";"DIANO MARINA";4279;75752978;0,75;17703,43;6799513;32;8,98;15510658;20,48;2041;47,7
"87";2020;8028;"Liguria";"IM";"DIANO SAN PIETRO";809;11713929;NA;14479,52;NA;NA;NA;3146514;26,86;445;55,01
"88";2020;8029;"Liguria";"IM";"DOLCEACQUA";1503;21241258;NA;14132,57;NA;NA;NA;5891584;27,74;824;54,82
"89";2020;8030;"Liguria";"IM";"DOLCEDO";989;15114242;0;15282,35;0;0;0;2940285;19,45;470;47,52
"90";2020;9028;"Liguria";"SV";"ERLI";153;2061675;0;13475;0;0;0;589473;28,59;86;56,21
"91";2020;10022;"Liguria";"GE";"FASCIA";67;1258200;NA;18779,1;NA;NA;NA;280282;22,28;31;46,27
"92";2020;10023;"Liguria";"GE";"FAVALE DI MALVARO";304;4530916;NA;14904,33;NA;NA;NA;1152727;25,44;154;50,66
"93";2020;9044;"Liguria";"SV";"ORCO FEGLINO";715;12098275;NA;16920,66;NA;NA;NA;2188624;18,09;313;43,78
"94";2020;9029;"Liguria";"SV";"FINALE LIGURE";8820;167210926;0,96;18958,15;18460832;85;11,04;28825644;17,24;3959;44,89
"95";2020;11013;"Liguria";"SP";"FOLLO";4349;84821541;0,16;19503,69;1263034;7;1,49;11518856;13,58;1604;36,88
"96";2020;10024;"Liguria";"GE";"FONTANIGORDA";209;3740213;NA;17895,76;NA;NA;NA;712132;19,04;95;45,45
"97";2020;11014;"Liguria";"SP";"FRAMURA";509;9168480;0;18012,73;0;0;0;1810849;19,75;248;48,72
"98";2020;9030;"Liguria";"SV";"GARLENDA";986;19444357;1,01;19720,44;2702316;10;13,9;3322596;17,09;448;45,44
"99";2020;10025;"Liguria";"GE";"GENOVA";454026;9891798883;1;21786,86;957122231;4540;9,68;1179489345;11,92;174292;38,39
"100";2020;9031;"Liguria";"SV";"GIUSTENICE";764;13516598;0,52;17691,88;654819;4;4,84;2446680;18,1;319;41,75
"101";2020;9032;"Liguria";"SV";"GIUSVALLA";329;6863096;NA;20860,47;NA;NA;NA;890760;12,98;118;35,87
"102";2020;11028;"Liguria";"SP";"SESTA GODANO";1060;18953563;0,47;17880,72;1002315;5;5,29;3416104;18,02;456;43,02
"103";2020;10026;"Liguria";"GE";"GORRETO";83;1300250;0;15665,66;0;0;0;310175;23,86;40;48,19
"104";2020;8031;"Liguria";"IM";"IMPERIA";30613;595169018;0,74;19441,71;43434928;228;7,3;86758611;14,58;12230;39,95
"105";2020;10027;"Liguria";"GE";"ISOLA DEL CANTONE";1082;20177449;NA;18648,29;NA;NA;NA;2759805;13,68;408;37,71
"106";2020;8032;"Liguria";"IM";"ISOLABONA";435;5910006;NA;13586,22;NA;NA;NA;1715936;29,03;244;56,09
"107";2020;9033;"Liguria";"SV";"LAIGUEGLIA";1350;23819904;0,67;17644,37;2402610;9;10,09;5215626;21,9;693;51,33
"108";2020;11015;"Liguria";"SP";"LA SPEZIA";68061;1430158801;0,61;21012,9;86010355;418;6,01;186909204;13,07;25504;37,47
"109";2020;10028;"Liguria";"GE";"LAVAGNA";9433;188301056;0,82;19961,95;14804785;77;7,86;26992486;14,33;3696;39,18
"110";2020;10029;"Liguria";"GE";"LEIVI";1854;39609733;1,02;21364,47;4142315;19;10,46;4853140;12,25;707;38,13
"111";2020;11016;"Liguria";"SP";"LERICI";7527;178888183;1,53;23766,2;25112831;115;14,04;20189514;11,29;2720;36,14
"112";2020;11017;"Liguria";"SP";"LEVANTO";4092;73508099;0,66;17963,86;5031329;27;6,84;13389569;18,22;1822;44,53
"113";2020;9034;"Liguria";"SV";"LOANO";8213;149977361;0,73;18260,97;10938393;60;7,29;25978554;17,32;3540;43,1
"114";2020;10030;"Liguria";"GE";"LORSICA";320;4642822;0;14508,82;0;0;0;1122655;24,18;166;51,88
"115";2020;8033;"Liguria";"IM";"LUCINASCO";197;2966033;0;15056,01;0;0;0;694111;23,4;99;50,25
"116";2020;10031;"Liguria";"GE";"LUMARZO";1073;18354781;0;17106,04;0;0;0;3071107;16,73;440;41,01
"117";2020;9035;"Liguria";"SV";"MAGLIOLO";698;12931525;NA;18526,54;NA;NA;NA;2219593;17,16;296;42,41
"118";2020;11018;"Liguria";"SP";"MAISSANA";471;7209001;0;15305,73;0;0;0;1517211;21,05;232;49,26
"119";2020;9036;"Liguria";"SV";"MALLARE";805;13765035;0;17099,42;0;0;0;2447222;17,78;313;38,88
"120";2020;10032;"Liguria";"GE";"MASONE";2689;51276564;0,19;19069,01;777915;5;1,52;6981592;13,62;948;35,25
"121";2020;9037;"Liguria";"SV";"MASSIMINO";81;1265518;NA;15623,68;NA;NA;NA;350917;27,73;44;54,32
"122";2020;10033;"Liguria";"GE";"MELE";1970;40208537;0,36;20410,42;1539591;7;3,83;5000841;12,44;660;33,5
"123";2020;8034;"Liguria";"IM";"MENDATICA";143;2267719;0;15858,17;0;0;0;501710;22,12;70;48,95
"124";2020;10034;"Liguria";"GE";"MEZZANEGO";1004;16606664;NA;16540,5;NA;NA;NA;3219329;19,39;441;43,92
"125";2020;10035;"Liguria";"GE";"MIGNANEGO";2597;51502740;0,31;19831,63;1201638;8;2,33;6826908;13,26;914;35,19
"126";2020;9038;"Liguria";"SV";"MILLESIMO";2378;48804119;0,71;20523,18;3097529;17;6,35;5927134;12,14;794;33,39
"127";2020;9039;"Liguria";"SV";"MIOGLIA";392;6712833;NA;17124,57;NA;NA;NA;1259058;18,76;176;44,9
"128";2020;10036;"Liguria";"GE";"MOCONESI";1775;28995578;0,23;16335,54;946062;4;3,26;6275965;21,64;814;45,86
"129";2020;8035;"Liguria";"IM";"MOLINI DI TRIORA";400;6350757;NA;15876,89;NA;NA;NA;1585483;24,97;234;58,5
"130";2020;10037;"Liguria";"GE";"MONEGLIA";2087;37448174;0,48;17943,54;1885175;10;5,03;6865215;18,33;938;44,94
"131";2020;10038;"Liguria";"GE";"MONTEBRUNO";164;2468646;0;15052,72;0;0;0;534704;21,66;80;48,78
"132";2020;8037;"Liguria";"IM";"MONTEGROSSO PIAN LATTE";101;1846128;0;18278,5;0;0;0;278989;15,11;34;33,66
"133";2020;11019;"Liguria";"SP";"MONTEROSSO AL MARE";1098;17496500;0,36;15934,88;997941;4;5,7;4111559;23,5;566;51,55
"134";2020;10039;"Liguria";"GE";"MONTOGGIO";1510;28845317;0,46;19102,86;1321792;7;4,58;3934627;13,64;573;37,95
"135";2020;9040;"Liguria";"SV";"MURIALDO";588;9897804;0;16833;0;0;0;1729641;17,47;242;41,16
"136";2020;9041;"Liguria";"SV";"NASINO";131;2059709;0;15722,97;0;0;0;439279;21,33;66;50,38
"137";2020;10040;"Liguria";"GE";"NE";1581;25859612;NA;16356,49;NA;NA;NA;5380359;20,81;708;44,78
"138";2020;10041;"Liguria";"GE";"NEIRONE";635;10447741;0;16453,14;0;0;0;1959250;18,75;283;44,57
"139";2020;9042;"Liguria";"SV";"NOLI";1962;38063651;1,17;19400,43;5416668;23;14,23;6283529;16,51;873;44,5
"140";2020;8038;"Liguria";"IM";"OLIVETTA SAN MICHELE";133;2227478;NA;16747,95;NA;NA;NA;472540;21,21;67;50,38
"141";2020;9043;"Liguria";"SV";"ONZO";149;2033184;0;13645,53;0;0;0;546439;26,88;76;51,01
"142";2020;10042;"Liguria";"GE";"ORERO";366;6200472;0;16941,18;0;0;0;1132617;18,27;163;44,54
"143";2020;11020;"Liguria";"SP";"LUNI";5885;114202765;0,34;19405,74;4779208;20;4,18;16568733;14,51;2274;38,64
"144";2020;9045;"Liguria";"SV";"ORTOVERO";1139;18025595;NA;15825,81;NA;NA;NA;4167702;23,12;550;48,29
"145";2020;9046;"Liguria";"SV";"OSIGLIA";314;5019455;0;15985,53;0;0;0;882484;17,58;144;45,86
"146";2020;8039;"Liguria";"IM";"OSPEDALETTI";2371;41924929;1,14;17682,38;5036419;27;12,01;8378760;19,99;1148;48,42
"147";2020;9047;"Liguria";"SV";"PALLARE";667;12295574;0;18434,14;0;0;0;1693520;13,77;233;34,93
"148";2020;8040;"Liguria";"IM";"PERINALDO";549;7302796;NA;13302;NA;NA;NA;2285551;31,3;337;61,38
"149";2020;9048;"Liguria";"SV";"PIANA CRIXIA";568;10362395;NA;18243,65;NA;NA;NA;1608341;15,52;226;39,79
"150";2020;9049;"Liguria";"SV";"PIETRA LIGURE";6649;129182450;0,96;19428,85;12123620;64;9,38;20653326;15,99;2767;41,62
"151";2020;8041;"Liguria";"IM";"PIETRABRUNA";322;4245188;0;13183,81;0;0;0;1378908;32,48;195;60,56
"152";2020;8042;"Liguria";"IM";"PIEVE DI TECO";965;15896818;NA;16473,39;NA;NA;NA;3079666;19,37;429;44,46
"153";2020;10043;"Liguria";"GE";"PIEVE LIGURE";1883;61842046;3,4;32842,3;21127817;64;34,16;4138569;6,69;624;33,14
"154";2020;8043;"Liguria";"IM";"PIGNA";545;7503912;0;13768,65;0;0;0;2111747;28,14;305;55,96
"155";2020;11021;"Liguria";"SP";"PIGNONE";415;7269045;0;17515,77;0;0;0;1307759;17,99;176;42,41
"156";2020;9050;"Liguria";"SV";"PLODIO";478;10478330;1,05;21921,19;762355;5;7,28;1077625;10,28;152;31,8
"157";2020;8044;"Liguria";"IM";"POMPEIANA";593;9935285;NA;16754,27;NA;NA;NA;2007275;20,2;276;46,54
"158";2020;8045;"Liguria";"IM";"PONTEDASSIO";1696;28502048;NA;16805,45;NA;NA;NA;4904011;17,21;713;42,04
"159";2020;9051;"Liguria";"SV";"PONTINVREA";612;11182627;NA;18272,27;NA;NA;NA;1951098;17,45;258;42,16
"160";2020;8046;"Liguria";"IM";"PORNASSIO";436;6965271;NA;15975,39;NA;NA;NA;1591060;22,84;221;50,69
"161";2020;10044;"Liguria";"GE";"PORTOFINO";308;8095261;4,55;26283,31;2884784;14;35,64;907929;11,22;126;40,91
"162";2020;11022;"Liguria";"SP";"PORTOVENERE";2648;63332417;0,91;23917,08;7314183;24;11,55;6771336;10,69;939;35,46
"163";2020;8047;"Liguria";"IM";"PRELA'";318;4472764;NA;14065,3;NA;NA;NA;1197593;26,78;177;55,66
"164";2020;10045;"Liguria";"GE";"PROPATA";96;1530556;0;15943,29;0;0;0;223242;14,59;38;39,58
"165";2020;9052;"Liguria";"SV";"QUILIANO";5286;106097841;0,44;20071,48;4202791;23;3,96;13362942;12,59;1808;34,2
"166";2020;8048;"Liguria";"IM";"RANZO";416;5992559;NA;14405,19;NA;NA;NA;1688937;28,18;232;55,77
"167";2020;10046;"Liguria";"GE";"RAPALLO";21682;421874692;0,94;19457,37;40406445;203;9,58;66301404;15,72;9252;42,67
"168";2020;10047;"Liguria";"GE";"RECCO";7351;166392621;1,2;22635,37;18347886;88;11,03;18330890;11,02;2562;34,85
"169";2020;8049;"Liguria";"IM";"REZZO";252;3836507;0;15224,23;0;0;0;965710;25,17;131;51,98
"170";2020;10048;"Liguria";"GE";"REZZOAGLIO";763;12375605;NA;16219,67;NA;NA;NA;2810435;22,71;379;49,67
"171";2020;9053;"Liguria";"SV";"RIALTO";413;6391305;NA;15475,31;NA;NA;NA;1477659;23,12;210;50,85
"172";2020;11023;"Liguria";"SP";"RICCO' DEL GOLFO DI SPEZIA";2629;51629120;0,19;19638,31;946301;5;1,83;6837826;13,24;944;35,91
"173";2020;11024;"Liguria";"SP";"RIOMAGGIORE";1188;21659745;NA;18232,11;NA;NA;NA;2964416;13,69;442;37,21
"174";2020;8050;"Liguria";"IM";"RIVA LIGURE";2116;31944993;NA;15096,88;NA;NA;NA;8278455;25,91;1087;51,37
"175";2020;9054;"Liguria";"SV";"ROCCAVIGNALE";604;12091299;NA;20018,71;NA;NA;NA;1310114;10,84;189;31,29
"176";2020;8051;"Liguria";"IM";"ROCCHETTA NERVINA";187;2711311;0;14498,99;0;0;0;594821;21,94;101;54,01
"177";2020;11025;"Liguria";"SP";"ROCCHETTA DI VARA";543;8176991;NA;15058,92;NA;NA;NA;1938599;23,71;277;51,01
"178";2020;10049;"Liguria";"GE";"RONCO SCRIVIA";3105;63759043;0,32;20534,31;1504269;10;2,36;7490544;11,75;1035;33,33
"179";2020;10050;"Liguria";"GE";"RONDANINA";53;809747;0;15278,25;0;0;0;170452;21,05;25;47,17
"180";2020;10051;"Liguria";"GE";"ROSSIGLIONE";1966;38933148;0,25;19803,23;741136;5;1,9;5050553;12,97;673;34,23
"181";2020;10052;"Liguria";"GE";"ROVEGNO";386;6191976;0;16041,39;0;0;0;1245755;20,12;189;48,96
"182";2020;8052;"Liguria";"IM";"SAN BARTOLOMEO AL MARE";2254;35940391;0,27;15945,16;1334418;6;3,71;8429092;23,45;1128;50,04
"183";2020;8053;"Liguria";"IM";"SAN BIAGIO DELLA CIMA";870;12102228;0;13910,61;0;0;0;3527599;29,15;480;55,17
"184";2020;10053;"Liguria";"GE";"SAN COLOMBANO CERTENOLI";1941;32398078;0,36;16691,44;1606471;7;4,96;5845345;18,04;827;42,61
"185";2020;8054;"Liguria";"IM";"SAN LORENZO AL MARE";926;17007259;NA;18366,37;NA;NA;NA;3082372;18,12;405;43,74
"186";2020;8055;"Liguria";"IM";"SANREMO";39035;684785193;0,77;17542,85;62070982;299;9,06;135483803;19,78;18714;47,94
"187";2020;10054;"Liguria";"GE";"SANTA MARGHERITA LIGURE";6552;146655437;2,12;22383,31;32510156;139;22,17;20571567;14,03;2820;43,04
"188";2020;10055;"Liguria";"GE";"SANT'OLCESE";4266;90710150;0,49;21263,51;3931371;21;4,33;10254014;11,3;1380;32,35
"189";2020;11026;"Liguria";"SP";"SANTO STEFANO DI MAGRA";7194;144053044;0,29;20024,05;3865025;21;2,68;19270953;13,38;2632;36,59
"190";2020;8056;"Liguria";"IM";"SANTO STEFANO AL MARE";1580;28547733;0,57;18068,19;2657223;9;9,31;5513534;19,31;728;46,08
"191";2020;10056;"Liguria";"GE";"SANTO STEFANO D'AVETO";860;13161775;0,47;15304,39;530611;4;4,03;3635477;27,62;475;55,23
"192";2020;11027;"Liguria";"SP";"SARZANA";15939;329104170;0,68;20647,73;21780054;108;6,62;45282086;13,76;6280;39,4
"193";2020;9055;"Liguria";"SV";"SASSELLO";1416;26009956;0,42;18368,61;1463629;6;5,63;4363658;16,78;585;41,31
"194";2020;10057;"Liguria";"GE";"SAVIGNONE";2305;48301662;0,61;20955,17;2533056;14;5,24;5907241;12,23;797;34,58
"195";2020;9056;"Liguria";"SV";"SAVONA";44231;950446157;0,87;21488,24;77398526;386;8,14;115430064;12,14;15954;36,07
"196";2020;8057;"Liguria";"IM";"SEBORGA";194;2834801;0;14612,38;0;0;0;769924;27,16;106;54,64
"197";2020;10058;"Liguria";"GE";"SERRA RICCO'";5719;118165569;0,3;20661,93;2859405;17;2,42;14301317;12,1;1941;33,94
"198";2020;10059;"Liguria";"GE";"SESTRI LEVANTE";13787;270588419;0,69;19626,35;16928452;95;6,26;38786631;14,33;5259;38,14
"199";2020;8058;"Liguria";"IM";"SOLDANO";651;8614103;0;13232,11;0;0;0;2671682;31,02;368;56,53
"200";2020;10060;"Liguria";"GE";"SORI";3107;72352286;1,22;23286,86;12262345;38;16,95;8335472;11,52;1164;37,46
"201";2020;9057;"Liguria";"SV";"SPOTORNO";2830;56064360;0,88;19810,73;4381518;25;7,82;8692009;15,5;1190;42,05
"202";2020;9058;"Liguria";"SV";"STELLA";2207;42811052;0,45;19397,85;2042304;10;4,77;5745642;13,42;850;38,51
"203";2020;9059;"Liguria";"SV";"STELLANELLO";585;8536190;NA;14591,78;NA;NA;NA;2517445;29,49;327;55,9
"204";2020;8059;"Liguria";"IM";"TAGGIA";10047;163259505;0,46;16249,58;9445456;46;5,79;35880541;21,98;4868;48,45
"205";2020;8060;"Liguria";"IM";"TERZORIO";184;2419182;0;13147,73;0;0;0;752285;31,1;103;55,98
"206";2020;9060;"Liguria";"SV";"TESTICO";122;1865451;NA;15290,58;NA;NA;NA;597306;32,02;74;60,66
"207";2020;10061;"Liguria";"GE";"TIGLIETO";400;7924837;NA;19812,09;NA;NA;NA;1112174;14,03;167;41,75
"208";2020;9061;"Liguria";"SV";"TOIRANO";1955;33343494;0,66;17055,5;2280122;13;6,84;6313694;18,94;880;45,01
"209";2020;10062;"Liguria";"GE";"TORRIGLIA";1698;31501207;0,24;18551,95;797414;4;2,53;4761014;15,11;656;38,63
"210";2020;9062;"Liguria";"SV";"TOVO SAN GIACOMO";1904;32837324;0,32;17246,49;796177;6;2,42;5773174;17,58;802;42,12
"211";2020;10063;"Liguria";"GE";"TRIBOGNA";410;6534791;0;15938,51;0;0;0;1274977;19,51;180;43,9
"212";2020;8061;"Liguria";"IM";"TRIORA";251;3199324;0;12746,31;0;0;0;1063304;33,24;146;58,17
"213";2020;9063;"Liguria";"SV";"URBE";563;9599308;NA;17050,28;NA;NA;NA;1791302;18,66;249;44,23
"214";2020;10064;"Liguria";"GE";"USCIO";1530;27369371;0,39;17888,48;975479;6;3,56;4550000;16,62;608;39,74
"215";2020;9064;"Liguria";"SV";"VADO LIGURE";6252;120800667;0,32;19321,92;3692807;20;3,06;17046702;14,11;2293;36,68
"216";2020;10065;"Liguria";"GE";"VALBREVENNA";600;12498840;0;20831,4;0;0;0;1555677;12,45;199;33,17
"217";2020;8062;"Liguria";"IM";"VALLEBONA";898;13227411;NA;14729,86;NA;NA;NA;3307256;25;475;52,9
"218";2020;8063;"Liguria";"IM";"VALLECROSIA";4928;78118507;0,28;15851,97;2875703;14;3,68;17677300;22,63;2414;48,99
"219";2020;9065;"Liguria";"SV";"VARAZZE";9880;209864139;1,07;21241,31;23787645;106;11,33;27877348;13,28;3858;39,05
"220";2020;11029;"Liguria";"SP";"VARESE LIGURE";1474;22408196;NA;15202,3;NA;NA;NA;5180585;23,12;728;49,39
"221";2020;8064;"Liguria";"IM";"VASIA";291;4486347;NA;15417;NA;NA;NA;917699;20,46;137;47,08
"222";2020;9066;"Liguria";"SV";"VENDONE";279;4181436;0;14987,23;0;0;0;947266;22,65;135;48,39
"223";2020;8065;"Liguria";"IM";"VENTIMIGLIA";15681;245753223;0,36;15672,04;11458029;56;4,66;59429285;24,18;7950;50,7
"224";2020;11030;"Liguria";"SP";"VERNAZZA";670;10614916;NA;15843,16;NA;NA;NA;2107491;19,85;312;46,57
"225";2020;8066;"Liguria";"IM";"VESSALICO";172;2256790;0;13120,87;0;0;0;678550;30,07;98;56,98
"226";2020;11031;"Liguria";"SP";"VEZZANO LIGURE";5401;107221456;0,3;19852,15;2484434;16;2,32;14462497;13,49;1968;36,44
"227";2020;9067;"Liguria";"SV";"VEZZI PORTIO";600;14671754;0,83;24452,92;4501594;5;30,68;1976599;13,47;262;43,67
"228";2020;8067;"Liguria";"IM";"VILLA FARALDI";307;4438553;NA;14457,83;NA;NA;NA;1181626;26,62;170;55,37
"229";2020;9068;"Liguria";"SV";"VILLANOVA D'ALBENGA";2017;34140782;0,45;16926,52;1679666;9;4,92;7018041;20,56;938;46,5
"230";2020;10066;"Liguria";"GE";"VOBBIA";295;5172282;0;17533,16;0;0;0;807780;15,62;117;39,66
"231";2020;11032;"Liguria";"SP";"ZIGNAGO";375;6402092;NA;17072,25;NA;NA;NA;1237913;19,34;167;44,53
"232";2020;10067;"Liguria";"GE";"ZOAGLI";1817;46097524;2,42;25370,13;11889722;44;25,79;4963323;10,77;702;38,64
"233";2020;9069;"Liguria";"SV";"ZUCCARELLO";213;3434873;0;16126,16;0;0;0;805395;23,45;103;48,36
"234";2020;8068;"Liguria";"IM";"MONTALTO CARPASIO";348;4813591;0;13832,16;0;0;0;1286662;26,73;184;52,87
